[
    {"key": "default",     "name": "Default"},
    {"key": "cerulean",    "name": "Cerulean"},
    {"key": "cosmo",       "name": "Cosmo"},
    {"key": "cyborg",      "name": "Cyborg"},
    {"key": "darkly",      "name": "Darkly"},
    {"key": "flatly",      "name": "Flatly"},
    {"key": "journal",     "name": "Journal"},
    {"key": "lumen",       "name": "Lumen"},
    {"key": "paper",       "name": "Paper"},
    {"key": "readable",    "name": "Readable"},
    {"key": "sandstone",   "name": "Sandstone"},
    {"key": "simplex",     "name": "Simplex"},
    {"key": "slate",       "name": "Slate"},
    {"key": "spacelab",    "name": "Spacelab"},
    {"key": "superhero",   "name": "Superhero"},
    {"key": "united",      "name": "United"},
    {"key": "yeti",        "name": "Yeti"}
]