{
  "project_info": {
    "project_number": "1080081684651",
    "firebase_url": "https://pkg-spot.firebaseio.com",
    "project_id": "pkg-spot",
    "storage_bucket": "pkg-spot.appspot.com"
  },
  "client": [
    {
      "client_info": {
        "mobilesdk_app_id": "1:1080081684651:android:2aec3d89f4c38f7b",
        "android_client_info": {
          "package_name": "com.pkgspot"
        }
      },
      "oauth_client": [
        {
          "client_id": "1080081684651-1sqstbarm62r65at4tk6vegjm7cp0fe1.apps.googleusercontent.com",
          "client_type": 1,
          "android_info": {
            "package_name": "com.pkgspot",
            "certificate_hash": "8eabd3b6d892ca19af2e0a2acde3395b52ad4fdf"
          }
        },
        {
          "client_id": "1080081684651-lkh6dt0fo496b8i31vtceaem3lts19pu.apps.googleusercontent.com",
          "client_type": 1,
          "android_info": {
            "package_name": "com.pkgspot",
            "certificate_hash": "52a2dbfc6cac2e6d97c8fc1eb6f9a42cbd44eee3"
          }
        },
        {
          "client_id": "1080081684651-4t40tint71hd0em944jo300fnsrgcsc5.apps.googleusercontent.com",
          "client_type": 3
        }
      ],
      "api_key": [
        {
          "current_key": "AIzaSyAaQkydP-h_JYgnlFsxaBETQLuCqdRvljs"
        }
      ],
      "services": {
        "analytics_service": {
          "status": 1
        },
        "appinvite_service": {
          "status": 2,
          "other_platform_oauth_client": [
            {
              "client_id": "1080081684651-4t40tint71hd0em944jo300fnsrgcsc5.apps.googleusercontent.com",
              "client_type": 3
            },
            {
              "client_id": "1080081684651-fhagv9indq9gkqunt8gotoreb9fssc0r.apps.googleusercontent.com",
              "client_type": 2,
              "ios_info": {
                "bundle_id": "Toxsl.PkgSpot"
              }
            }
          ]
        },
        "ads_service": {
          "status": 2
        }
      }
    },
    {
      "client_info": {
        "mobilesdk_app_id": "1:1080081684651:android:ab3b5b841bf56941",
        "android_client_info": {
          "package_name": "pkgpartner.app"
        }
      },
      "oauth_client": [
        {
          "client_id": "1080081684651-4t40tint71hd0em944jo300fnsrgcsc5.apps.googleusercontent.com",
          "client_type": 3
        }
      ],
      "api_key": [
        {
          "current_key": "AIzaSyAaQkydP-h_JYgnlFsxaBETQLuCqdRvljs"
        }
      ],
      "services": {
        "analytics_service": {
          "status": 1
        },
        "appinvite_service": {
          "status": 1,
          "other_platform_oauth_client": []
        },
        "ads_service": {
          "status": 2
        }
      }
    }
  ],
  "configuration_version": "1"
}